{"cameraMode":{"drawMode":0,"name":"Shaded","section":"Shading Mode"},"sceneLighting":true,"audioPlay":false,"sceneViewState":{"m_AlwaysRefresh":false,"showFog":true,"showSkybox":true,"showFlares":true,"showImageEffects":true,"showParticleSystems":true,"showVisualEffectGraphs":true,"m_FxEnabled":true},"in2DMode":false,"pivot":{"x":0.26376840472221377,"y":1.6610462665557862,"z":0.7529317736625671},"rotation":{"x":-0.07884959131479263,"y":0.7339276075363159,"z":-0.08649405837059021,"w":-0.6690655946731567},"size":2.70739483833313,"orthographic":false}