{"cameraMode":{"drawMode":0,"name":"Shaded","section":"Shading Mode"},"sceneLighting":true,"audioPlay":false,"sceneViewState":{"m_AlwaysRefresh":false,"showFog":true,"showSkybox":true,"showFlares":true,"showImageEffects":true,"showParticleSystems":true,"showVisualEffectGraphs":true,"m_FxEnabled":true},"in2DMode":false,"pivot":{"x":2.4992618560791017,"y":-1.1414141654968262,"z":4.515923500061035},"rotation":{"x":0.18118099868297578,"y":0.5018056035041809,"z":-0.10836758464574814,"w":0.8388515114784241},"size":5.523273944854736,"orthographic":false}